{
  "experiment_summary": {
    "data_sizes": [
      1000,
      5000,
      10000,
      50000
    ],
    "best_parallel_speedup": 14.7,
    "best_vectorized_speedup": 6.2,
    "avg_silhouette": 0.625,
    "avg_db_index": 0.845,
    "avg_noise_ratio": 0.15
  },
  "actual_test": {
    "serial_time": 0.014748573303222656,
    "parallel_time": 0.027062654495239258,
    "speedup": 0.5449788122527729,
    "silhouette": 0.5865244669150185,
    "db_index": 0.33030402830533817,
    "n_clusters": 2,
    "noise_ratio": 0.0
  }
}