{
  "1": {
    "time": 0.8508267402648926,
    "clusters": 2,
    "noise": 0,
    "speedup": 1.0
  },
  "2": {
    "time": 0.8743951320648193,
    "clusters": 2,
    "noise": 0,
    "speedup": 0.9730460624314413
  },
  "4": {
    "time": 0.7410216331481934,
    "clusters": 2,
    "noise": 0,
    "speedup": 1.148180703780803
  }
}